("Opal","Mcdonald",1),
("Madison","Spencer",1),
("Sanaa","Munoz",1),
("Hajra","Cordova",1),
("Kajus","Terry",1),
("Crystal","Ho",2),
("Annabel","Schroeder",2),
("Arun","Lin",2),
("Ishaq","Morales",2),
("Siena","Payne",2),
("Hafsa","Arnold",2),
("Jacques","Casey",3),
("Mabel","Combs",3),
("Fletcher","Mathews",3),
("Amna","Hampton",3),
("Anaya","Blake",4),
("Michelle","Bonilla",4),
("Lacey","Richards",4),
("Archibald","Fitzpatrick",4),
("Ameer","Hunt",4),
("Rohan","Navarro",4),
("Rafael","Santana",4),
("Brooklyn","Nixon",4),
("Joe","Hammond",4),
("Glenn","Henderson",4),
("Riya","Small",5),
("Rhianna","Slater",5),
("Zuzanna","Bradford",5),
("Malaika","Dunlap",5),
("Yuvraj","Winters",5),
("Oisin","Schultz",5),
("Georgia","Elliott",5),
("Maeve","Cline",5),
("Chanel","Love",5),
("Pearl","Lucas",5),
("Damien","Aguirre",6),
("Mehmet","Rodgers",6),
("Tristan","Mack",6),
("Thalia","Hood",6),
("Myla","Pratt",6),
("Shauna","Winter",6),
("Floyd","Landry",6),
("Lilli","Gibbs",6),
("Phyllis","Stephens",6),
("Abdul","Charles",6),
("Juanita","Case",6),
("Kimberley","Meza",6),
("Gladys","Boyle",6),
("Ismaeel","O'Reilly",6),
("Abdirahman","Kennedy",6),
("Amelia","Mcintyre",6),
("Emre","Torres",6),
("Zaynab","Odonnell",6),
("Ezekiel","Bolton",6),
("Conor","Rocha",6),
("Polly","Simpson",6),
("Haider","Duke",6),
("Ellie-May","George",6),
("Noel","Mcclure",6),
("Eugene","Rollins",6),
("Safia","Erickson",7),
("Rabia","Welsh",7),
("Ela","Johns",7),
("Tomos","Allen",7),
("Jayson","Alvarado",7),
("Steven","Mckee",7),
("Aleena","Abbott",7),
("Karina","Salas",7),
("Luke","Duran",7),
("Richie","Moore",7),
("Mckenzie","Lindsay",7),
("Leonie","Andersen",7),
("Ffion","Villarreal",7),
("Maison","Shepard",7),
("Jasmin","Spence",7),
("Carolyn","Cannon",7),
("Vinnie","Jacobs",7),
("Luc","Pham",7),
("Zahraa","Mccann",7),
("Isabel","Nichols",7),
("Guy","Kerr",7),
("Elysia","Thomas",7),
("Lochlan","Carr",7),
("Abdullah","Ramos",7),
("Ayah","Clay",7),
("Tianna","Griffith",7),
("Wyatt","Page",7),
("Ruby","Cuevas",7),
("Amir","Juarez",7),
("Kabir","Buchanan",7),
("Harmony","Goodwin",7),
("Woody","Hanna",7),
("Mario","Alexander",7),
("Robbie","Brady",7),
("William","Mason",7),
("Ciaran","Grimes",7),
("Jermaine","Guzman",7),
("Keaton","Cohen",7),
("Aysha","Mayer",7),
("Marcus","Logan",7)